Designator,Footprint,Quantity,Value,LCSC Part #
"C1, C10, C3, C5, C6, C7, C8, C9",C_0603_1608Metric,8,0.1uf,
C11,CP_Radial_D8.0mm_P3.50mm,1,220uF,
C12,C_0603_1608Metric,1,10uF,
"C2, C4",C_0603_1608Metric,2,18pF,
D1,LED_0603_1608Metric,1,LED,
D2,LED_0603_1608Metric,1,RED,
D3,D_SMA,1,SS34,
"H1, H2, H3, H4",MountingHole_2.7mm_M2.5_Pad_Via,4,MountingHole,
IC1,SOP50P490X110-10N,1,MAX1898EUB42+T,
J1,PinHeader_2x03_P2.54mm_Vertical,1,ICSP,
J2,SSD1306_0.96_Oled,1,OLED,
J3,1050170001,1,USB_B_Micro,
J4,TerminalBlock_bornier-2_P5.08mm,1,Conn_01x02_Female,
Q1,SOT-23,1,AO3401A,
Q2,TO-220-3_Vertical,1,IRF540N,
"R1, R13, R14, R16, R17, R2, R3, R4, R5, R6, R7, R8",R_0603_1608Metric,12,10K,
R10,R_0603_1608Metric,1,1M,
R11,R_0603_1608Metric,1,NC,
R12,R_0603_1608Metric,1,1k,
R15,HSA51R0J,1,1R/10W,
R9,R_0603_1608Metric,1,Iset,
"SW1, SW2, SW3",PTS645SL43SMTR92LFS,3,SW_SPST,
"U1, U4",LM4041DIM3-1.2&plus_T,2,LM4041DIM3-1.2+T,
U2,TQFP-32_7x7mm_P0.8mm,1,ATmega328P-A,
U3,SOIC127P600X175-8N,1,AD8542,
Y1,Crystal_SMD_3225-4Pin_3.2x2.5mm_HandSoldering,1,16MHZ,
